{
  "bin_width_k": 1.0,
  "prompt": {
    "eps10_ci95": 0.009195820516008785,
    "eps10_mean": 0.13411248374667536,
    "eps20_ci95": 0.0096213622394169,
    "eps20_mean": 0.28289927096359635,
    "eps30_80_ci95": 0.002056882099411511,
    "eps30_80_mean": 0.300469379220314,
    "ratio10_over_20_ci95": 0.03512339043137423,
    "ratio10_over_20_mean": 0.4752417927794819
  },
  "rate_k_per_min": 1.0,
  "released_total": {
    "eps10_ci95": 0.009195820516008785,
    "eps10_mean": 0.13411248374667536,
    "eps20_ci95": 0.006772644874749365,
    "eps20_mean": 0.3842888720009493,
    "eps30_80_ci95": 0.002056882099411511,
    "eps30_80_mean": 0.300469379220314,
    "ratio10_over_20_ci95": 0.024658053403669004,
    "ratio10_over_20_mean": 0.3492755349310008
  },
  "replicates": 10,
  "t_end_k": 80.0,
  "t_start_k": 10.0
}