surface_temperature_k,epsilon_mean,epsilon_std,epsilon_ci95,h2_total_mean,chemisorbed_surface_h_mean
100.0,0.19479999999999997,0.00880956418062957,0.003860961734566851,487.0,242.05
150.0,0.18983999999999998,0.009163221681207286,0.004015958968127562,474.6,227.85
200.0,0.18884000000000004,0.00835617641092661,0.0036622557834151744,472.1,227.4
250.0,0.18884000000000004,0.00835617641092661,0.0036622557834151744,472.1,227.4
