{
  "bin_width_k": 1.0,
  "prompt": {
    "eps10_ci95": 0.0084757247916098,
    "eps10_mean": 0.1885302913540247,
    "eps20_ci95": 0.008074166414702261,
    "eps20_mean": 0.2812667283002167,
    "eps30_80_ci95": 0.0029129308141408157,
    "eps30_80_mean": 0.2987814435777413,
    "ratio10_over_20_ci95": 0.03353874349867679,
    "ratio10_over_20_mean": 0.6713640230356849
  },
  "rate_k_per_min": 1.0,
  "released_total": {
    "eps10_ci95": 0.0084757247916098,
    "eps10_mean": 0.1885302913540247,
    "eps20_ci95": 0.010338649074977231,
    "eps20_mean": 0.4477989044218774,
    "eps30_80_ci95": 0.0029129308141408157,
    "eps30_80_mean": 0.2987814435777413,
    "ratio10_over_20_ci95": 0.0188678540859831,
    "ratio10_over_20_mean": 0.4212793908986138
  },
  "replicates": 10,
  "t_end_k": 80.0,
  "t_start_k": 10.0
}