surface_temperature_k,epsilon_mean,epsilon_std,epsilon_ci95,h2_total_mean,chemisorbed_surface_h_mean
100.0,0.30500653025685676,0.009109129650000524,0.007984504180397934,700.6,349.0
120.0,0.29316499782324773,0.00977650189713184,0.00856948174706384,673.4,317.0
150.0,0.27757945145842405,0.005477463121480743,0.004801208114480619,637.6,311.4
180.0,0.27966913365259033,0.0037145370496650325,0.0032559352804130697,642.4,310.0
200.0,0.2827165868524162,0.005845704636608333,0.005123986033986039,649.4,321.6
220.0,0.2777535916412712,0.0038572148773768646,0.0033809979104981683,638.0,321.0
250.0,0.28193295602960383,0.004623741592460333,0.004052888200364697,647.6,311.4
