{
  "bin_width_k": 1.0,
  "eps10_ci95": 0.01071588148530032,
  "eps10_mean": 0.07144951284875342,
  "eps20_ci95": 0.012640847473991293,
  "eps20_mean": 0.2517198527782617,
  "eps30_80_ci95": 0.0022421555659865628,
  "eps30_80_mean": 0.24475748011364776,
  "rate_k_per_min": 1.0,
  "ratio10_over_20_ci95": 0.04993246469377612,
  "ratio10_over_20_mean": 0.28550209831115964,
  "replicates": 5,
  "t_end_k": 80.0,
  "t_start_k": 10.0
}