surface_temperature_k,epsilon_mean,epsilon_std,epsilon_ci95,h2_total_mean,chemisorbed_surface_h_mean
100.0,0.1937333333333333,0.005675679107678079,0.006422635526877673,484.3333333333333,234.0
150.0,0.19039999999999999,0.0024331050121192935,0.0027533175140788554,476.0,238.0
200.0,0.18893333333333331,0.0036950417228136146,0.004181333333333344,472.3333333333333,230.33333333333334
250.0,0.18893333333333331,0.0036950417228136146,0.004181333333333344,472.3333333333333,230.33333333333334
