surface_temperature_k,epsilon_mean,epsilon_std,epsilon_ci95,h2_total_mean,chemisorbed_surface_h_mean
100.0,0.20548541575968654,0.007986041065670071,0.007000073632025711,472.0,307.4
120.0,0.19634305616020895,0.00823146295219375,0.00721519540042752,451.0,308.2
150.0,0.191815411406182,0.0036889369027975393,0.0032334957623102296,440.6,293.4
180.0,0.18833260774923816,0.008182967447520754,0.007172687216367144,432.6,297.0
200.0,0.1916412712233348,0.005900564783832791,0.005172073073218256,440.2,286.0
220.0,0.18815846756639093,0.006113535805500023,0.005358750404438977,432.2,296.2
250.0,0.18859381802350894,0.005290896335191768,0.004637675116018176,433.2,292.6
