{
  "bin_width_k": 1.0,
  "prompt": {
    "eps10_ci95": 0.011074276003197926,
    "eps10_mean": 0.07738438100667018,
    "eps20_ci95": 0.023886522151387247,
    "eps20_mean": 0.37714531239791454,
    "eps30_80_ci95": 0.004128487962394076,
    "eps30_80_mean": 0.29604818559124874,
    "ratio10_over_20_ci95": 0.033722177947430196,
    "ratio10_over_20_mean": 0.20630571941639286
  },
  "rate_k_per_min": 1.0,
  "released_total": {
    "eps10_ci95": 0.013384632646630229,
    "eps10_mean": 0.3735650002882219,
    "eps20_ci95": 0.023886522151387247,
    "eps20_mean": 0.37714531239791454,
    "eps30_80_ci95": 0.004128487962394076,
    "eps30_80_mean": 0.29604818559124874,
    "ratio10_over_20_ci95": 0.05672408672674489,
    "ratio10_over_20_mean": 0.993469034687698
  },
  "replicates": 5,
  "t_end_k": 80.0,
  "t_start_k": 10.0
}