{
  "bin_width_k": 1.0,
  "eps10_ci95": 0.010023127562855408,
  "eps10_mean": 0.02506014623190404,
  "eps20_ci95": 0.015522339173993076,
  "eps20_mean": 0.1171655655786284,
  "eps30_80_ci95": 0.0026242132019670167,
  "eps30_80_mean": 0.31999211063466854,
  "rate_k_per_min": 1.0,
  "ratio10_over_20_ci95": 0.1077425733716765,
  "ratio10_over_20_mean": 0.22111045396218368,
  "replicates": 3,
  "t_end_k": 80.0,
  "t_start_k": 10.0
}