surface_temperature_k,epsilon_mean,epsilon_std,epsilon_ci95,h2_total_mean,chemisorbed_surface_h_mean
100.0,0.20293333333333333,0.005604759881862329,0.006342382868011405,507.3333333333333,242.33333333333334
150.0,0.18973333333333334,0.0037806525010020903,0.004278211048765338,474.3333333333333,228.33333333333334
200.0,0.18893333333333331,0.0036950417228136146,0.004181333333333344,472.3333333333333,230.33333333333334
250.0,0.18893333333333331,0.0036950417228136146,0.004181333333333344,472.3333333333333,230.33333333333334
