{
  "bin_width_k": 1.0,
  "prompt": {
    "eps10_ci95": 0.0084757247916098,
    "eps10_mean": 0.1885302913540247,
    "eps20_ci95": 0.007495336272350865,
    "eps20_mean": 0.2905775783256846,
    "eps30_80_ci95": 0.0029397608648144024,
    "eps30_80_mean": 0.2973511650285945,
    "ratio10_over_20_ci95": 0.01846737449166761,
    "ratio10_over_20_mean": 0.6484122942687015
  },
  "rate_k_per_min": 1.0,
  "released_total": {
    "eps10_ci95": 0.0084757247916098,
    "eps10_mean": 0.1885302913540247,
    "eps20_ci95": 0.00870008459671608,
    "eps20_mean": 0.4110797404768566,
    "eps30_80_ci95": 0.0029397608648144024,
    "eps30_80_mean": 0.2973511650285945,
    "ratio10_over_20_ci95": 0.01847053659830525,
    "ratio10_over_20_mean": 0.45863979370042396
  },
  "replicates": 10,
  "t_end_k": 80.0,
  "t_start_k": 10.0
}