surface_temperature_k,epsilon_mean,epsilon_std,epsilon_ci95,h2_total_mean,chemisorbed_surface_h_mean
100.0,0.20661732694819332,0.006115167256388492,0.0026800902170968483,474.6,316.7
120.0,0.19564649542882018,0.005706771651524828,0.0025011029515961385,449.4,304.4
150.0,0.1917936438833261,0.005843357829348704,0.0025609644833627463,440.55,294.6
180.0,0.1909664780148019,0.007695365807369723,0.0033726427671732255,438.65,294.05
200.0,0.19490639965171966,0.008038765874404259,0.003523144482273198,447.7,290.75
220.0,0.19096647801480193,0.0056644449139511615,0.0024825524409499574,438.65,295.2
250.0,0.19151066608619938,0.005726838024609248,0.002509897427354751,439.9,291.25
