{
  "bin_width_k": 1.0,
  "prompt": {
    "eps10_ci95": 0.00808815351638453,
    "eps10_mean": 0.046239462208898546,
    "eps20_ci95": 0.01717012143588784,
    "eps20_mean": 0.24449660702090567,
    "eps30_80_ci95": 0.0033555331558089755,
    "eps30_80_mean": 0.2989525393406017,
    "ratio10_over_20_ci95": 0.047637987218380896,
    "ratio10_over_20_mean": 0.19258925955859915
  },
  "rate_k_per_min": 1.0,
  "released_total": {
    "eps10_ci95": 0.00808815351638453,
    "eps10_mean": 0.046239462208898546,
    "eps20_ci95": 0.016683810829164505,
    "eps20_mean": 0.3975647421678379,
    "eps30_80_ci95": 0.0033555331558089755,
    "eps30_80_mean": 0.2989525393406017,
    "ratio10_over_20_ci95": 0.025062658768050337,
    "ratio10_over_20_mean": 0.11735278539696745
  },
  "replicates": 5,
  "t_end_k": 80.0,
  "t_start_k": 10.0
}