surface_temperature_k,epsilon_mean,epsilon_std,h2_total_mean,chemisorbed_surface_h_mean
100.0,0.15008,0.0065078414240053485,375.2,502.4
150.0,0.14767999999999998,0.006520122698231992,369.2,484.6
200.0,0.14848,0.006611505123646206,371.2,484.6
250.0,0.14848,0.006611505123646206,371.2,484.6
