{
  "bin_width_k": 1.0,
  "prompt": {
    "eps10_ci95": 0.007808697797144948,
    "eps10_mean": 0.2115182892238355,
    "eps20_ci95": 0.005626817265557969,
    "eps20_mean": 0.2884344698063292,
    "eps30_80_ci95": 0.001294578128045512,
    "eps30_80_mean": 0.29827954868165363,
    "ratio10_over_20_ci95": 0.026938070686914475,
    "ratio10_over_20_mean": 0.7340385414335165
  },
  "rate_k_per_min": 1.0,
  "released_total": {
    "eps10_ci95": 0.007808697797144948,
    "eps10_mean": 0.2115182892238355,
    "eps20_ci95": 0.008432429506022535,
    "eps20_mean": 0.45992017715446964,
    "eps30_80_ci95": 0.001294578128045512,
    "eps30_80_mean": 0.29827954868165363,
    "ratio10_over_20_ci95": 0.018603296005672586,
    "ratio10_over_20_mean": 0.4606143083866171
  },
  "replicates": 20,
  "t_end_k": 80.0,
  "t_start_k": 10.0
}