{
  "bin_width_k": 1.0,
  "eps10_ci95": 0.009986667786696546,
  "eps10_mean": 0.07120255002464815,
  "eps20_ci95": 0.00807948056866157,
  "eps20_mean": 0.2817194603343814,
  "eps30_80_ci95": 0.0017002887382810078,
  "eps30_80_mean": 0.27693184122175896,
  "rate_k_per_min": 1.0,
  "ratio10_over_20_ci95": 0.040189173961764205,
  "ratio10_over_20_mean": 0.2536804478597665,
  "replicates": 5,
  "t_end_k": 80.0,
  "t_start_k": 10.0
}