{
  "bin_width_k": 1.0,
  "eps10_ci95": 0.006240121896799647,
  "eps10_mean": 0.03732904986100896,
  "eps20_ci95": 0.010134036790200826,
  "eps20_mean": 0.14918975000369042,
  "eps30_80_ci95": 0.002110168983141176,
  "eps30_80_mean": 0.3242435639369006,
  "rate_k_per_min": 1.0,
  "ratio10_over_20_ci95": 0.04167661778749995,
  "ratio10_over_20_mean": 0.251167423248594,
  "replicates": 10,
  "t_end_k": 80.0,
  "t_start_k": 10.0
}