surface_temperature_k,epsilon_mean,epsilon_std,epsilon_ci95,h2_total_mean,chemisorbed_surface_h_mean
100.0,0.169177187636047,0.002930138209919693,0.0025683793825731927,388.6,284.4
120.0,0.1607313887679582,0.006438184176159982,0.0056433172480664226,369.2,275.0
150.0,0.16134087940792335,0.0034773575181046385,0.0030480382546803557,370.6,258.8
180.0,0.1548106225511537,0.006570763933731266,0.005759528529411397,355.6,267.8
200.0,0.1557683935568132,0.004191590736407811,0.003674091273622777,357.8,273.8
220.0,0.15324336090552895,0.0021548748229455027,0.0018888310621467152,352.0,271.8
250.0,0.15524597300827164,0.0077242508023393636,0.006770604348760938,356.6,270.8
