{
  "bin_width_k": 1.0,
  "eps10_ci95": 0.002943512849948785,
  "eps10_mean": 0.03345676243643611,
  "eps20_ci95": 0.0031475652249453117,
  "eps20_mean": 0.09024686558693204,
  "eps30_80_ci95": 0.0012396596220843852,
  "eps30_80_mean": 0.32234131444243175,
  "rate_k_per_min": 1.0,
  "ratio10_over_20_ci95": 0.035318116937502426,
  "ratio10_over_20_mean": 0.3718396493807469,
  "replicates": 10,
  "t_end_k": 80.0,
  "t_start_k": 10.0
}