{
  "bin_width_k": 1.0,
  "eps10_mean": 0.06050087857609335,
  "eps20_mean": 0.3538064640805731,
  "eps30_80_mean": 0.2922314483318837,
  "rate_k_per_min": 1.0,
  "ratio10_over_20_mean": 0.17099992430413977,
  "replicates": 1,
  "t_end_k": 80.0,
  "t_start_k": 10.0
}