{
  "bin_width_k": 1.0,
  "eps10_ci95": 0.0028995360169536085,
  "eps10_mean": 0.033001358644708136,
  "eps20_ci95": 0.00439158043257125,
  "eps20_mean": 0.11668340283048326,
  "eps30_80_ci95": 0.0011492619908731992,
  "eps30_80_mean": 0.3223675715294028,
  "rate_k_per_min": 1.0,
  "ratio10_over_20_ci95": 0.026649020814013782,
  "ratio10_over_20_mean": 0.28491354076339837,
  "replicates": 20,
  "t_end_k": 80.0,
  "t_start_k": 10.0
}