{
  "bin_width_k": 1.0,
  "eps10_mean": 0.028848421994468847,
  "eps20_mean": 0.09564733913831842,
  "eps30_80_mean": 0.323850444127603,
  "rate_k_per_min": 1.0,
  "ratio10_over_20_mean": 0.3016123841432776,
  "replicates": 1,
  "t_end_k": 80.0,
  "t_start_k": 10.0
}